{
  "audio_features": {
    "tempo": 92.28515625,
    "rhythm_density": 3.664411086199229,
    "beat_consistency": 59.50308722337957,
    "syncopation_score": 0.42863449454307556,
    "groove_strength": 0.01603602045539166,
    "average_beat_strength": 1.8962810039520264,
    "energy_mean": 0.21865993738174438,
    "energy_std": 0.19195672869682312,
    "sub_bass_energy": 59.02227783203125,
    "bass_energy": 12.777356147766113,
    "bass_to_total_ratio": 69.5938949584961,
    "spectral_centroid_mean": 1246.8643900441382,
    "spectral_rolloff_mean": 2614.410755908876,
    "spectral_bandwidth_mean": 1488.8492618699559,
    "spectral_contrast": 24.603208775172043,
    "percussive_energy": 0.05512384697794914,
    "harmonic_energy": 0.14007842540740967,
    "percussion_to_harmonic_ratio": 0.3935213088989258,
    "mfcc_means": [
      -265.5903625488281,
      103.34428405761719,
      43.257530212402344,
      7.516190528869629,
      6.734500408172607,
      6.590747356414795,
      4.435478687286377,
      11.11453914642334,
      2.1185622215270996,
      5.880196571350098,
      -0.043250180780887604,
      -0.7834206223487854,
      -3.094780445098877
    ],
    "kick_energy": 32.40902328491211,
    "snare_energy": 4.699276924133301,
    "hihat_energy": 0.1377304643392563,
    "rhythmic_regularity": 7.278035763068889,
    "section_changes": 0.27167630057803466,
    "stereo_width": 0.0,
    "kick_to_snare_ratio": 6.8965964150522945,
    "hihat_to_kick_ratio": 0.004249756584105994
  },
  "text_analysis": {
    "sentiment": 0.2,
    "descriptors": [
      "This",
      "chirpy",
      "song",
      "that",
      "seems",
      "very",
      "chill",
      "and",
      "gives",
      "summer",
      "night",
      "vibes"
    ],
    "raw_text": "This is a chirpy song that seems to be very chill and gives me summer night vibes"
  }
}